Entity,GDP
Pakistan,4622.770769
India,6118.35733
Indonesia,11444.96068
China,16410.7978
Russia,26456.38794
United Kingdom,41627.12927
France,42025.61737
Germany,50922.35802
United States,60235.72849